{"cameraMode":{"drawMode":0,"name":"Shaded","section":"Shading Mode"},"sceneLighting":true,"audioPlay":false,"sceneViewState":{"showFog":true,"showMaterialUpdate":false,"showSkybox":true,"showFlares":true,"showImageEffects":true,"showParticleSystems":true},"in2DMode":false,"pivot":{"x":-5.872095108032227,"y":0.3642539978027344,"z":10.460355758666993},"rotation":{"x":-0.3886769413948059,"y":-0.02155930921435356,"z":0.009097390808165074,"w":-0.9210795760154724},"size":25.40158462524414,"orthographic":false}