{"cameraMode":{"drawMode":0,"name":"Shaded","section":"Shading Mode"},"sceneLighting":true,"audioPlay":false,"sceneViewState":{"showFog":true,"showMaterialUpdate":false,"showSkybox":false,"showFlares":true,"showImageEffects":true,"showParticleSystems":true},"in2DMode":false,"pivot":{"x":6.332352638244629,"y":-4.393740653991699,"z":26.520286560058595},"rotation":{"x":-0.21900805830955506,"y":-0.011126096360385418,"z":0.0024958746507763864,"w":-0.9756669402122498},"size":51.65300369262695,"orthographic":false}