{"cameraMode":{"drawMode":0,"name":"Shaded","section":"Shading Mode"},"sceneLighting":true,"audioPlay":false,"sceneViewState":{"showFog":true,"showMaterialUpdate":false,"showSkybox":true,"showFlares":true,"showImageEffects":true,"showParticleSystems":true},"in2DMode":false,"pivot":{"x":6.973700046539307,"y":-6.9068684577941898,"z":34.7960205078125},"rotation":{"x":-0.1674928516149521,"y":-0.017156358808279039,"z":0.0029137751553207638,"w":-0.9857299327850342},"size":22.15458106994629,"orthographic":false}