{"cameraMode":{"drawMode":0,"name":"Shaded","section":"Shading Mode"},"sceneLighting":true,"audioPlay":false,"sceneViewState":{"showFog":true,"showMaterialUpdate":false,"showSkybox":false,"showFlares":true,"showImageEffects":true,"showParticleSystems":true},"in2DMode":false,"pivot":{"x":9.008773803710938,"y":2.4912917613983156,"z":9.035672187805176},"rotation":{"x":0.0913718193769455,"y":-0.0035868962295353414,"z":0.0003290590248070657,"w":0.9958109855651856},"size":64.28736877441406,"orthographic":false}