{"cameraMode":{"drawMode":0,"name":"Shaded","section":"Shading Mode"},"sceneLighting":true,"audioPlay":false,"sceneViewState":{"showFog":true,"showMaterialUpdate":false,"showSkybox":false,"showFlares":true,"showImageEffects":true,"showParticleSystems":true},"in2DMode":false,"pivot":{"x":5.129913330078125,"y":6.94580078125,"z":0.404296875},"rotation":{"x":0.16217181086540223,"y":0.008880768902599812,"z":-0.0014595641987398267,"w":0.986723780632019},"size":10.440912246704102,"orthographic":true}